{"date":{"0":0,"1":0,"2":1518480,"3":"2018-02-13"},"model":{"0":"{\"severe_toxic\": [\"cnn\/CNN1d-Embedding_Random-OneperClass_severe_toxic_.sav\", \"cnn\/CNN1d-Embedding_Random-OneperClass_severe_toxic__weights.h5\"], \"identity_hate\": [\"cnn\/CNN1d-Embedding_Random-OneperClass_identity_hate_.sav\", \"cnn\/CNN1d-Embedding_Random-OneperClass_identity_hate__weights.h5\"], \"obscene\": [\"cnn\/CNN1d-Embedding_Random-OneperClass_obscene_.sav\", \"cnn\/CNN1d-Embedding_Random-OneperClass_obscene__weights.h5\"], \"insult\": [\"cnn\/CNN1d-Embedding_Random-OneperClass_insult_.sav\", \"cnn\/CNN1d-Embedding_Random-OneperClass_insult__weights.h5\"], \"threat\": [\"cnn\/CNN1d-Embedding_Random-OneperClass_threat_.sav\", \"cnn\/CNN1d-Embedding_Random-OneperClass_threat__weights.h5\"], \"toxic\": [\"cnn\/CNN1d-Embedding_Random-OneperClass_toxic_.sav\", \"cnn\/CNN1d-Embedding_Random-OneperClass_toxic__weights.h5\"]}","1":"cnn\/utestModel.sav","2":"{\"severe_toxic\": [\"cnn\/CNN1d-Embedding_Random-OneperClass_arch1_severe_toxic_.sav\", \"cnn\/CNN1d-Embedding_Random-OneperClass_arch1_severe_toxic__weights.h5\"], \"identity_hate\": [\"cnn\/CNN1d-Embedding_Random-OneperClass_arch1_identity_hate_.sav\", \"cnn\/CNN1d-Embedding_Random-OneperClass_arch1_identity_hate__weights.h5\"], \"obscene\": [\"cnn\/CNN1d-Embedding_Random-OneperClass_arch1_obscene_.sav\", \"cnn\/CNN1d-Embedding_Random-OneperClass_arch1_obscene__weights.h5\"], \"insult\": [\"cnn\/CNN1d-Embedding_Random-OneperClass_arch1_insult_.sav\", \"cnn\/CNN1d-Embedding_Random-OneperClass_arch1_insult__weights.h5\"], \"threat\": [\"cnn\/CNN1d-Embedding_Random-OneperClass_arch1_threat_.sav\", \"cnn\/CNN1d-Embedding_Random-OneperClass_arch1_threat__weights.h5\"], \"toxic\": [\"cnn\/CNN1d-Embedding_Random-OneperClass_arch1_toxic_.sav\", \"cnn\/CNN1d-Embedding_Random-OneperClass_arch1_toxic__weights.h5\"]}","3":"svc\/SVC_tfidf_1.sav"},"modelName":{"0":"CNN1d-Embedding_Random-OneperClass","1":"utestModel","2":"CNN1d-Embedding_Random-OneperClass_arch1","3":"SVC_tfidf_1"},"subType":{"0":"Embedding_Random","1":"TfIdf","2":"Embedding_Random","3":"TfIdf"},"type":{"0":"CNN1d","1":"testType","2":"CNN1d","3":"SVC"},"weights":{"0":null,"1":null,"2":null,"3":null}}