wrong,right
animalfucker,animal fucker
assclowns,ass clowns
assface,ass face
asskicked,ass kicked
asswhipe,ass whipe
badassness,bad ass
bicth,bitch
bitchass,bitch ass
bitchmattythewhite,bitch matty the white
bitchmother,bitch mother
bitchs,bitch
boymamas,boy mamas
corpsefucking,corpse fuck
cuntbag,cunt bag
cuntface,cunt face
cuntfranks,cunt franks
cuntliz,cunt liz
dickbag,dick bag
dickbig,dick big
dickbreath,dick breath
dickbutt,dick butt
dickheaditalic,dick head italic
failepic,fail epic
fatmansanger,fat mansanger
fcken,fuck
fckin,fuck
fcking,fuck
fking,fuck
fonkin,fuck
fuckan,fuck
fuckass,fuck ass
fuckbags,fuck bags
fuckedy,fuck
fuckhole,fuck hole
fuckiest,fuck
fuckign,fuck
fuckingabf,fuck
fuckk,fuck
fuckon,fuck
fucksex,fuck sex
fuckstick,fuck stick
fuckwads,fuck
fuckyourself,fuck yourself
fukcing,fuck
fuked,fuck
fuking,fuck
fukkers,fuck
fukyou,fuck you
itiot,idiot
itsuck,it suck
jpgsuck,jpg suck
kickwars,kick wars
marcolfuck,marcol fuck
mothafuckin,mother fuck
motherfu,mother fuck
mothjer,mother fuck
niggertard,nigger tard
ofuck,fuck
oldlady,old lady
penistown,penis
pensnsnniensnsn,penis
pneis,penis
popsucker,pop sucker
sexcual,sexual
sexsex,sex
shiot,shit
shioty,shit
shitdip,shit
shitfuck,shit fuck
shitler,shit
shitlol,shit
shitush,shit
shoit,shit
suckdickeer,suck dick
suckersyou,suck you
suckipedia,suck
suckish,suck
sucksfrozen,suck frozen
vbutt,butt
wikifuckers,fuck
wikihomosexuals,homosexual
wikijews,jew
wikipedidiots,idiot
wikipedophiles,pedophile
wikiretards,retard
wikisucks,suck
wikitheclown,clown
wikiwankers,wanker
b a l l s a c k,ballsack
s h 1 t,sh1t
d y k e,dyke
a r s e,arse
l m a o,lmao
b u t t p l u g,buttplug
s m e g m a,smegma
b o o b,boob
n i g g e r,nigger
f e l c h i n g,felching
s u c k,suck
g o d d a m n,god damn
fuck,f u c k
f u c k,fuck
k n o b e n d,knob end
blowjob,blow job
b l o w j o b,blowjob
v a g i n a,vagina
a n a l,anal
f e l l a t i o,fellatio
b o l l o c k,bollock
o m g,omg
b u t t,butt
s p u n k,spunk
s h i t,s hit
f u d g e p a c k e r,fudge packer
b u g g e r,bugger
b a l l s,balls
d a m n,damn
b o l l o k,bollok
i d i o t,idiot
h o m o,homo
c o o n,coon
t o s s e r,tosser
f a g,fag
m u f f,muff
goddamn,god damn
j e r k,jerk
d i l d o,dildo
d i c k,dick
b i t c h,bitch
a s s,ass
p e n i s,penis
b i a t c h,biatch
h e l l,hell
knobend,knob end
q u e e r,queer
t w a t,twat
s l u t,slut
l m f a o,lmfao
l a b i a,labia
t u r d,turd
w a n k,wank
p i s s,piss
c u n t,cunt
f l a n g e,flange
t i t,tit
b a s t a r d,bastard
p r i c k,prick
f e c k,feck
n i g g a,nigga
s c r o t u m,scrotum
w h o r e,whore
b u m,bum
f e l l a t e,fellate
c l i t o r i s,clitoris
shit,s hit
w t f,wtf
c r a p,crap
w a n k e r,wanker
a n u s,anus
fudgepacker,fudge packer
p u b e,pube
s e x,sex
p o o p,poop
j i z z,jizz
b o n e r,boner
c o c k,cock
p u s s y,pussy
b l o o d y,bloody
